QuestionableCode.cpp:1:0: information: Include file: <cassert> not found. Please note: Cppcheck does not need standard library headers to get proper results. [missingIncludeSystem]
#include <cassert>
^
QuestionableCode.cpp:2:0: information: Include file: <iostream> not found. Please note: Cppcheck does not need standard library headers to get proper results. [missingIncludeSystem]
#include <iostream>
^
QuestionableCode.cpp:3:0: information: Include file: <numeric> not found. Please note: Cppcheck does not need standard library headers to get proper results. [missingIncludeSystem]
#include <numeric>
^
QuestionableCode.cpp:4:0: information: Include file: <set> not found. Please note: Cppcheck does not need standard library headers to get proper results. [missingIncludeSystem]
#include <set>
^
QuestionableCode.cpp:5:0: information: Include file: <vector> not found. Please note: Cppcheck does not need standard library headers to get proper results. [missingIncludeSystem]
#include <vector>
^
QuestionableCode.cpp:116:12: warning: Assert statement calls a function which may have desired side effects: 'my_function'. [assertWithSideEffect]
    assert(my_function());
           ^
QuestionableCode.cpp:10:10: style: Unused private function: 'C::is_type' [unusedPrivateFunction]
    bool is_type(int type) const
         ^
QuestionableCode.cpp:84:15: style: Return value 'a==3' is always true [knownConditionTrueFalse]
    return (a == 3); // Explicitly return comparison result
              ^
QuestionableCode.cpp:83:11: note: Assignment 'a=1+2', assigned value is 3
    a = 1 + 2;
          ^
QuestionableCode.cpp:84:15: note: Return value 'a==3' is always true
    return (a == 3); // Explicitly return comparison result
              ^
QuestionableCode.cpp:44:9: style: The scope of the variable 'buf' can be reduced. [variableScope]
    int buf[10];
        ^
QuestionableCode.cpp:46:20: style: Variable 'buf[count]' is assigned a value that is never used. [unreadVariable]
        buf[count] = 0;
                   ^
QuestionableCode.cpp:105:9: style: Variable 'x' is assigned a value that is never used. [unreadVariable]
    int x = 0;
        ^
QuestionableCode.cpp:106:9: style: Variable 'y' is assigned a value that is never used. [unreadVariable]
    int y = 0;
        ^
QuestionableCode.cpp:10:0: style: The function 'is_type' is never used. [unusedFunction]
    bool is_type(int type) const
^
QuestionableCode.cpp:30:0: style: The function 'DontThrow' is never used. [unusedFunction]
    void DontThrow()
^
QuestionableCode.cpp:49:0: style: The function 'do_something_useless' is never used. [unusedFunction]
void do_something_useless()
^
nofile:0:0: information: Active checkers: 167/836 (use --checkers-report=<filename> to see details) [checkersReport]
